dataset_group,class_name,valid_images,corrupted,unsupported,min_width,max_width,avg_width,min_height,max_height,avg_height,modes
Datasets_Leaf,Aloevera,118,0,0,450,450,450.0,600,600,600.0,{'RGB': 118}
Datasets_Leaf,Amla,67,0,0,450,450,450.0,600,600,600.0,{'RGB': 67}
Datasets_Leaf,Amruthaballi,91,0,0,450,450,450.0,600,600,600.0,{'RGB': 91}
Datasets_Leaf,Arali,89,0,0,450,450,450.0,600,600,600.0,{'RGB': 89}
Datasets_Leaf,ashoka,81,0,0,450,450,450.0,600,600,600.0,{'RGB': 81}
Datasets_Leaf,Astma_weed,82,0,0,450,450,450.0,600,600,600.0,{'RGB': 82}
Datasets_Leaf,Badipala,76,0,0,450,450,450.0,600,600,600.0,{'RGB': 76}
Datasets_Leaf,Balloon_Vine,61,0,0,450,450,450.0,600,600,600.0,{'RGB': 61}
Datasets_Leaf,Bamboo,118,0,0,450,450,450.0,600,600,600.0,{'RGB': 118}
Datasets_Leaf,Beans,97,0,0,450,450,450.0,600,600,600.0,{'RGB': 97}
Datasets_Leaf,Betel,114,0,0,450,450,450.0,600,600,600.0,{'RGB': 114}
Datasets_Leaf,Bhrami,104,0,0,450,450,450.0,600,600,600.0,{'RGB': 104}
Datasets_Leaf,Bringaraja,73,0,0,1836,4000,3134.3,1836,3264,2261.6,{'RGB': 73}
Datasets_Leaf,camphor,66,0,0,1836,3264,2723.1,1836,3264,2376.9,{'RGB': 66}
Datasets_Leaf,Caricature,76,0,0,450,450,450.0,600,600,600.0,{'RGB': 76}
Datasets_Leaf,Castor,129,0,0,450,450,450.0,600,600,600.0,{'RGB': 129}
Datasets_Leaf,Catharanthus,134,0,0,450,450,450.0,600,600,600.0,{'RGB': 134}
Datasets_Leaf,Chakte,68,0,0,450,450,450.0,600,600,600.0,{'RGB': 68}
Datasets_Leaf,Chilly,69,0,0,450,450,450.0,600,600,600.0,{'RGB': 69}
Datasets_Leaf,Citron lime (herelikai),99,0,0,450,450,450.0,600,600,600.0,{'RGB': 99}
Datasets_Leaf,Coffee,83,0,0,1836,4160,2980.1,1836,4160,2776.5,{'RGB': 83}
Datasets_Leaf,Common rue(naagdalli),67,0,0,450,450,450.0,600,600,600.0,{'RGB': 67}
Datasets_Leaf,Coriender,115,0,0,450,450,450.0,600,600,600.0,{'RGB': 115}
Datasets_Leaf,Curry,168,0,0,450,450,450.0,600,600,600.0,{'RGB': 168}
Datasets_Leaf,Doddpathre,142,0,0,450,450,450.0,600,600,600.0,{'RGB': 142}
Datasets_Leaf,Drumstick,56,0,0,450,450,450.0,600,600,600.0,{'RGB': 56}
Datasets_Leaf,Ekka,81,0,0,450,450,450.0,600,600,600.0,{'RGB': 81}
Datasets_Leaf,Eucalyptus,80,0,0,450,450,450.0,600,600,600.0,{'RGB': 80}
Datasets_Leaf,Ganigale,75,0,0,2340,4160,3916.3,2250,4160,2430.4,{'RGB': 75}
Datasets_Leaf,Ganike,63,0,0,3120,4160,3899.7,2250,4160,2661.0,{'RGB': 63}
Datasets_Leaf,Gasagase,79,0,0,450,450,450.0,600,600,600.0,{'RGB': 79}
Datasets_Leaf,Ginger,82,0,0,450,450,450.0,600,600,600.0,{'RGB': 82}
Datasets_Leaf,Globe Amarnath,81,0,0,450,450,450.0,600,600,600.0,{'RGB': 81}
Datasets_Leaf,Guava,128,0,0,450,450,450.0,600,600,600.0,{'RGB': 128}
Datasets_Leaf,Henna,80,0,0,450,450,450.0,600,600,600.0,{'RGB': 80}
Datasets_Leaf,Hibiscus,118,0,0,450,450,450.0,600,600,600.0,{'RGB': 118}
Datasets_Leaf,Honge,113,0,0,450,450,450.0,600,600,600.0,{'RGB': 113}
Datasets_Leaf,Insulin,89,0,0,450,450,450.0,600,600,600.0,{'RGB': 89}
Datasets_Leaf,Jackfruit,110,0,0,450,450,450.0,600,600,600.0,{'RGB': 110}
Datasets_Leaf,Jasmine,49,0,0,450,450,450.0,600,600,600.0,{'RGB': 49}
Datasets_Leaf,kamakasturi,67,0,0,2352,4160,2972.7,2352,4160,3539.3,{'RGB': 67}
Datasets_Leaf,Kambajala,59,0,0,450,450,450.0,600,600,600.0,{'RGB': 59}
Datasets_Leaf,Kasambruga,48,0,0,450,450,450.0,600,600,600.0,{'RGB': 48}
Datasets_Leaf,kepala,76,0,0,4000,4000,4000.0,2250,2250,2250.0,{'RGB': 76}
Datasets_Leaf,Kohlrabi,73,0,0,4032,4032,4032.0,2268,2268,2268.0,{'RGB': 73}
Datasets_Leaf,Lantana,76,0,0,1836,4160,3157.5,1836,4160,2630.9,{'RGB': 76}
Datasets_Leaf,Lemon,123,0,0,450,450,450.0,600,600,600.0,{'RGB': 123}
Datasets_Leaf,Lemongrass,8,0,0,450,450,450.0,600,600,600.0,{'RGB': 8}
Datasets_Leaf,Malabar_Nut,51,0,0,1836,4000,2990.9,1836,3264,2391.5,{'RGB': 51}
Datasets_Leaf,Malabar_Spinach,79,0,0,450,450,450.0,600,600,600.0,{'RGB': 79}
Datasets_Leaf,Mango,103,0,0,450,450,450.0,600,600,600.0,{'RGB': 103}
Datasets_Leaf,Marigold,93,0,0,450,450,450.0,600,600,600.0,{'RGB': 93}
Datasets_Leaf,Mint,135,0,0,450,450,450.0,600,600,600.0,{'RGB': 135}
Datasets_Leaf,Neem,132,0,0,450,450,450.0,600,600,600.0,{'RGB': 132}
Datasets_Leaf,Nelavembu,90,0,0,450,450,450.0,600,600,600.0,{'RGB': 90}
Datasets_Leaf,Nerale,62,0,0,2620,4656,3893.8,2250,4656,2703.7,{'RGB': 62}
Datasets_Leaf,Nooni,72,0,0,2620,4656,3797.3,2250,4656,2666.4,{'RGB': 72}
Datasets_Leaf,Onion,92,0,0,4032,4032,4032.0,1860,1860,1860.0,{'RGB': 92}
Datasets_Leaf,Padri,73,0,0,1836,3264,2696.7,1836,3264,2403.3,{'RGB': 73}
Datasets_Leaf,Palak(Spinach),149,0,0,1952,4160,2673.2,2352,4640,4267.8,{'RGB': 149}
Datasets_Leaf,Papaya,135,0,0,2592,4608,4026.3,1860,4608,2119.1,{'RGB': 135}
Datasets_Leaf,Parijatha,66,0,0,2340,4160,3718.8,2340,4160,2781.2,{'RGB': 66}
Datasets_Leaf,Pea,47,0,0,3905,4160,4154.6,2194,2340,2336.8,{'RGB': 47}
Datasets_Leaf,Pepper,8,0,0,4160,4160,4160.0,3120,3120,3120.0,{'RGB': 8}
Datasets_Leaf,Pomoegranate,75,0,0,4032,4032,4032.0,2268,2268,2268.0,{'RGB': 75}
Datasets_Leaf,Pumpkin,92,0,0,4032,4032,4032.0,1860,1860,1860.0,{'RGB': 92}
Datasets_Leaf,Raddish,40,0,0,4000,4000,4000.0,3000,3000,3000.0,{'RGB': 40}
Datasets_Leaf,Rose,106,0,0,3456,4608,4032.0,3456,4608,4032.0,{'RGB': 106}
Datasets_Leaf,Sampige,61,0,0,2340,4160,4100.3,2340,4160,2399.7,{'RGB': 61}
Datasets_Leaf,Sapota,44,0,1,4000,4000,4000.0,2250,2250,2250.0,{'RGB': 44}
Datasets_Leaf,Seethaashoka,47,0,0,1836,3264,2808.3,1836,3264,2291.7,{'RGB': 47}
Datasets_Leaf,Seethapala,114,0,0,1860,4032,3974.8,1860,4032,1917.2,{'RGB': 114}
Datasets_Leaf,Spinach1,67,0,3,4000,4000,4000.0,2000,2250,2182.8,{'RGB': 67}
Datasets_Leaf,Tamarind,176,0,0,3456,4608,3691.6,3456,4608,4372.4,{'RGB': 176}
Datasets_Leaf,Taro,69,0,0,2448,4000,3720.6,2250,3264,2420.3,{'RGB': 69}
Datasets_Leaf,Tecoma,69,0,0,4032,4032,4032.0,2268,2268,2268.0,{'RGB': 69}
Datasets_Leaf,Thumbe,74,0,0,2592,4608,4022.1,2250,4608,2315.1,{'RGB': 74}
Datasets_Leaf,Tomato,62,0,0,4032,4032,4032.0,2268,2268,2268.0,{'RGB': 62}
Datasets_Leaf,Tulsi,177,0,0,1024,4608,3919.1,1024,4640,2582.1,{'RGB': 177}
Datasets_Leaf,Turmeric,39,0,0,2592,4608,4050.9,2340,4608,2580.9,{'RGB': 39}
Datasets_Plant,Aloevera,164,0,0,285,600,586.6,283,600,401.4,{'RGB': 164}
Datasets_Plant,Amla,146,0,0,600,600,600.0,277,277,277.0,{'RGB': 146}
Datasets_Plant,Amruta_Balli,146,0,0,450,600,572.3,283,600,388.5,{'RGB': 146}
Datasets_Plant,Arali,146,0,0,600,600,600.0,270,450,301.0,{'RGB': 146}
Datasets_Plant,Ashoka,146,0,0,600,600,600.0,450,450,450.0,{'RGB': 146}
Datasets_Plant,Ashwagandha,146,0,0,600,600,600.0,450,450,450.0,{'RGB': 146}
Datasets_Plant,Avacado,146,0,0,600,600,600.0,283,283,283.0,{'RGB': 146}
Datasets_Plant,Bamboo,146,0,0,600,600,600.0,283,283,283.0,{'RGB': 146}
Datasets_Plant,Basale,146,0,0,285,600,556.3,283,600,432.7,{'RGB': 146}
Datasets_Plant,Betel,151,0,0,600,600,600.0,283,450,339.4,{'RGB': 151}
Datasets_Plant,Betel_Nut,146,0,0,600,600,600.0,283,283,283.0,{'RGB': 146}
Datasets_Plant,Brahmi,146,0,0,600,600,600.0,283,450,377.9,{'RGB': 146}
Datasets_Plant,Castor,160,0,0,600,600,600.0,283,450,406.2,{'RGB': 160}
Datasets_Plant,Curry_Leaf,146,0,0,450,600,579.5,283,600,400.8,{'RGB': 146}
Datasets_Plant,Doddapatre,146,0,0,600,600,600.0,450,450,450.0,{'RGB': 146}
Datasets_Plant,Ekka,146,0,0,600,600,600.0,283,450,309.3,{'RGB': 146}
Datasets_Plant,Ganike,115,0,0,600,600,600.0,283,283,283.0,{'RGB': 115}
Datasets_Plant,Gauva,146,0,0,600,600,600.0,283,450,319.6,{'RGB': 146}
Datasets_Plant,Geranium,146,0,0,600,600,600.0,270,283,281.8,{'RGB': 146}
Datasets_Plant,Henna,150,0,0,450,600,588.0,270,600,378.7,{'RGB': 150}
Datasets_Plant,Hibiscus,165,0,0,600,600,600.0,283,450,399.4,{'RGB': 165}
Datasets_Plant,Honge,146,0,0,600,600,600.0,270,450,304.2,{'RGB': 146}
Datasets_Plant,Insulin,146,0,0,277,600,580.1,450,600,459.2,{'RGB': 146}
Datasets_Plant,Jasmine,187,0,0,600,600,600.0,283,450,404.5,{'RGB': 187}
Datasets_Plant,Lemon,146,0,0,600,600,600.0,283,450,367.6,{'RGB': 146}
Datasets_Plant,Lemon_grass,146,0,0,600,600,600.0,283,450,373.4,{'RGB': 146}
Datasets_Plant,Mango,146,0,0,600,600,600.0,283,450,376.8,{'RGB': 146}
Datasets_Plant,Mint,153,0,0,277,600,434.5,270,600,504.4,{'RGB': 153}
Datasets_Plant,Nagadali,152,0,0,277,600,335.4,283,600,543.7,{'RGB': 152}
Datasets_Plant,Neem,146,0,0,600,600,600.0,283,450,368.8,{'RGB': 146}
Datasets_Plant,Nithyapushpa,146,0,0,450,600,596.9,390,600,452.7,{'RGB': 146}
Datasets_Plant,Nooni,146,0,0,600,600,600.0,283,450,374.5,{'RGB': 146}
Datasets_Plant,Pappaya,146,0,0,600,600,600.0,283,450,376.8,{'RGB': 146}
Datasets_Plant,Pepper,146,0,0,600,600,600.0,450,450,450.0,{'RGB': 146}
Datasets_Plant,Pomegranate,146,0,0,600,600,600.0,283,450,380.2,{'RGB': 146}
Datasets_Plant,Raktachandini,146,0,0,600,600,600.0,450,450,450.0,{'RGB': 146}
Datasets_Plant,Rose,168,0,0,450,600,560.4,283,600,440.5,{'RGB': 168}
Datasets_Plant,Sapota,146,0,0,600,600,600.0,277,450,368.2,{'RGB': 146}
Datasets_Plant,Tulasi,146,0,0,600,600,600.0,277,450,379.0,{'RGB': 146}
Datasets_Plant,Wood_sorel,146,0,0,600,600,600.0,450,450,450.0,{'RGB': 146}
